{
  "clipId": "player/firemaking1",
  "rigId": "player_humanoid_v1",
  "durationMs": 1000,
  "loopMode": "loop",
  "maskId": "fullBody",
  "heldItemSlot": "leftHand",
  "poses": {
    "start": {
      "rightLeg": {
        "position": {
          "x": -0.14,
          "y": 0.5336117004710664,
          "z": -0.09446602995103806
        },
        "rotationDeg": {
          "x": -30.49010424012281,
          "y": 0,
          "z": 0
        },
        "scale": {
          "x": 1,
          "y": 1,
          "z": 1
        }
      },
      "rightLowerLeg": {
        "position": {
          "x": 0,
          "y": -0.4129643971812915,
          "z": -0.13353318033878844
        },
        "rotationDeg": {
          "x": 141.4028736837746,
          "y": 0,
          "z": 0
        },
        "scale": {
          "x": 1,
          "y": 1.0000000000000004,
          "z": 1.0000000000000004
        }
      },
      "leftLeg": {
        "position": {
          "x": 0.14,
          "y": 0.5336117004710664,
          "z": -0.09446602995103806
        },
        "rotationDeg": {
          "x": -30.49010424012281,
          "y": 0,
          "z": 0
        },
        "scale": {
          "x": 1,
          "y": 1,
          "z": 1
        }
      },
      "leftLowerLeg": {
        "position": {
          "x": 0,
          "y": -0.4129643971812915,
          "z": -0.13353318033878844
        },
        "rotationDeg": {
          "x": 141.4028736837746,
          "y": 0,
          "z": 0
        },
        "scale": {
          "x": 1,
          "y": 1.0000000000000004,
          "z": 1.0000000000000004
        }
      },
      "torso": {
        "position": {
          "x": -0.014004334008282743,
          "y": 0.8967755944661245,
          "z": 0.12332962700044184
        },
        "rotationDeg": {
          "x": 46.93395916791261,
          "y": 0,
          "z": 0
        },
        "scale": {
          "x": 1,
          "y": 1,
          "z": 1
        }
      },
      "rightArm": {
        "position": {
          "x": -0.38,
          "y": 0.29000000000000004,
          "z": 0.07
        },
        "rotationDeg": {
          "x": -85.93036033155244,
          "y": -1.5902773407317584e-15,
          "z": 4.860111792965401
        },
        "scale": {
          "x": 1,
          "y": 1,
          "z": 1
        }
      },
      "leftArm": {
        "position": {
          "x": 0.38,
          "y": 0.29000000000000004,
          "z": 0.07
        },
        "rotationDeg": {
          "x": -84.10431333821556,
          "y": 0,
          "z": 0
        },
        "scale": {
          "x": 1,
          "y": 1,
          "z": 1
        }
      },
      "leftLowerArm": {
        "position": {
          "x": 0,
          "y": -0.354,
          "z": -0.1
        },
        "rotationDeg": {
          "x": 0,
          "y": 0,
          "z": -44.15526968163899
        },
        "scale": {
          "x": 1,
          "y": 1,
          "z": 1
        }
      },
      "weapon": {
        "position": {
          "x": -0.1350151749369195,
          "y": -0.5247132865120729,
          "z": 0.09389568519525582
        },
        "rotationDeg": {
          "x": -149.83801870681157,
          "y": 28.25374320755226,
          "z": 32.3348221083779
        },
        "scale": {
          "x": 1,
          "y": 1,
          "z": 1
        }
      },
      "rightLowerArm": {
        "position": {
          "x": 0,
          "y": -0.354,
          "z": -0.1
        },
        "rotationDeg": {
          "x": 0,
          "y": 0,
          "z": 93.0998541030898
        },
        "scale": {
          "x": 1,
          "y": 1,
          "z": 1
        }
      }
    },
    "light": {
      "rightLeg": {
        "position": {
          "x": -0.14,
          "y": 0.5336117004710664,
          "z": -0.09446602995103806
        },
        "rotationDeg": {
          "x": -30.49010424012281,
          "y": 0,
          "z": 0
        },
        "scale": {
          "x": 1,
          "y": 1,
          "z": 1
        }
      },
      "rightLowerLeg": {
        "position": {
          "x": 0,
          "y": -0.4129643971812915,
          "z": -0.13353318033878844
        },
        "rotationDeg": {
          "x": 141.4028736837746,
          "y": 0,
          "z": 0
        },
        "scale": {
          "x": 1,
          "y": 1.0000000000000004,
          "z": 1.0000000000000004
        }
      },
      "leftLeg": {
        "position": {
          "x": 0.14,
          "y": 0.5336117004710664,
          "z": -0.09446602995103806
        },
        "rotationDeg": {
          "x": -30.49010424012281,
          "y": 0,
          "z": 0
        },
        "scale": {
          "x": 1,
          "y": 1,
          "z": 1
        }
      },
      "leftLowerLeg": {
        "position": {
          "x": 0,
          "y": -0.4129643971812915,
          "z": -0.13353318033878844
        },
        "rotationDeg": {
          "x": 141.4028736837746,
          "y": 0,
          "z": 0
        },
        "scale": {
          "x": 1,
          "y": 1.0000000000000004,
          "z": 1.0000000000000004
        }
      },
      "torso": {
        "position": {
          "x": -0.014004334008282743,
          "y": 0.8967755944661245,
          "z": 0.12332962700044184
        },
        "rotationDeg": {
          "x": 46.93395916791261,
          "y": 0,
          "z": 0
        },
        "scale": {
          "x": 1,
          "y": 1,
          "z": 1
        }
      },
      "rightArm": {
        "position": {
          "x": -0.38,
          "y": 0.29000000000000004,
          "z": 0.07
        },
        "rotationDeg": {
          "x": -85.93036033155244,
          "y": -1.5902773407317584e-15,
          "z": 4.860111792965401
        },
        "scale": {
          "x": 1,
          "y": 1,
          "z": 1
        }
      },
      "leftArm": {
        "position": {
          "x": 0.38,
          "y": 0.29000000000000004,
          "z": 0.07
        },
        "rotationDeg": {
          "x": -84.10431333821556,
          "y": 0,
          "z": 0
        },
        "scale": {
          "x": 1,
          "y": 1,
          "z": 1
        }
      },
      "leftLowerArm": {
        "position": {
          "x": 0,
          "y": -0.354,
          "z": -0.1
        },
        "rotationDeg": {
          "x": 0,
          "y": 0,
          "z": -44.15526968163899
        },
        "scale": {
          "x": 1,
          "y": 1,
          "z": 1
        }
      },
      "weapon": {
        "position": {
          "x": -0.24034000090135316,
          "y": -0.5053596823419702,
          "z": 0.15286925423813896
        },
        "rotationDeg": {
          "x": -149.83801870681157,
          "y": 28.25374320755226,
          "z": 32.3348221083779
        },
        "scale": {
          "x": 1,
          "y": 1,
          "z": 1
        }
      },
      "rightLowerArm": {
        "position": {
          "x": 0,
          "y": -0.354,
          "z": -0.1
        },
        "rotationDeg": {
          "x": 0,
          "y": 0,
          "z": 17.764849432029834
        },
        "scale": {
          "x": 1,
          "y": 1,
          "z": 1
        }
      }
    }
  },
  "keys": [
    {
      "poseId": "start",
      "atMs": 0,
      "ease": "hold"
    },
    {
      "poseId": "light",
      "atMs": 500,
      "ease": "hold"
    }
  ],
  "markers": [],
  "heldItemId": "tinderbox"
}
