{
  "clipId": "player/fishing_harpoon_hold1",
  "rigId": "player_humanoid_v1",
  "durationMs": 1800,
  "loopMode": "loop",
  "maskId": "fullBody",
  "heldItemId": "harpoon",
  "poses": {
    "down": {
      "leftLeg": {
        "position": {
          "x": 0.17391460701153066,
          "y": 0.5662395378529984,
          "z": -0.2554631262793806
        },
        "rotationDeg": {
          "x": -66.53153929824397,
          "y": -12.760327900562162,
          "z": 30.250750314417783
        },
        "scale": {
          "x": 1,
          "y": 1,
          "z": 1
        }
      },
      "leftLowerLeg": {
        "position": {
          "x": -0.02596463891343398,
          "y": -0.44939398190868945,
          "z": -0.06982088871914312
        },
        "rotationDeg": {
          "x": 89.21701912267818,
          "y": -9.740111302107552,
          "z": -2.0985823001901234
        },
        "scale": {
          "x": 1,
          "y": 0.9999999999999978,
          "z": 0.9999999999999982
        }
      },
      "weapon": {
        "position": {
          "x": 0.04384039808577159,
          "y": -0.26840348328286096,
          "z": 0.09854995029650146
        },
        "rotationDeg": {
          "x": 158.98496022159617,
          "y": 16.790154613622988,
          "z": -143.7927169855887
        },
        "scale": {
          "x": 1.000000000000001,
          "y": 1.0000000000000002,
          "z": 1.0000000000000004
        }
      },
      "rightLeg": {
        "position": {
          "x": -0.16640321148900072,
          "y": 0.6322250752424105,
          "z": -0.10363672972902566
        },
        "rotationDeg": {
          "x": 46.81946929071978,
          "y": 30.87566886615491,
          "z": -8.876158550358292
        },
        "scale": {
          "x": 1,
          "y": 1,
          "z": 1
        }
      },
      "rightLowerLeg": {
        "position": {
          "x": 0,
          "y": -0.35,
          "z": 0
        },
        "rotationDeg": {
          "x": 5.018255904247459,
          "y": -5.89277409884746,
          "z": 11.17752101638814
        },
        "scale": {
          "x": 1,
          "y": 0.9999999999999998,
          "z": 0.9999999999999992
        }
      },
      "torso": {
        "position": {
          "x": 0.05044090536938887,
          "y": 0.9,
          "z": 0.13514043798043351
        },
        "rotationDeg": {
          "x": 68.19745940055336,
          "y": 33.552943436443854,
          "z": -20.3131816453481
        },
        "scale": {
          "x": 1,
          "y": 1,
          "z": 1
        }
      },
      "head": {
        "position": {
          "x": 0,
          "y": 0.5,
          "z": 0
        },
        "rotationDeg": {
          "x": -41.79959787127726,
          "y": -50.73660882038704,
          "z": -14.19663711600043
        },
        "scale": {
          "x": 0.9999999999999984,
          "y": 1.0000000000000002,
          "z": 1
        }
      },
      "leftArm": {
        "position": {
          "x": 0.38,
          "y": 0.29000000000000004,
          "z": 0.07
        },
        "rotationDeg": {
          "x": -46.60202379239256,
          "y": -30.683081200424905,
          "z": 84.32574455454258
        },
        "scale": {
          "x": 0.9999999999999988,
          "y": 1.0000000000000004,
          "z": 1.0000000000000004
        }
      },
      "rightArm": {
        "position": {
          "x": -0.38,
          "y": 0.29000000000000004,
          "z": 0.07
        },
        "rotationDeg": {
          "x": -56.22751240774715,
          "y": 23.12554478276363,
          "z": -51.10963415257387
        },
        "scale": {
          "x": 1,
          "y": 0.9999999999999996,
          "z": 0.9999999999999998
        }
      },
      "rightLowerArm": {
        "position": {
          "x": 1.1102230246251563e-15,
          "y": -0.35399999999999937,
          "z": -0.10000000000000105
        },
        "rotationDeg": {
          "x": -48.142819647698445,
          "y": -26.021086675796248,
          "z": -6.567279993050517
        },
        "scale": {
          "x": 0.999999999999999,
          "y": 0.9999999999999984,
          "z": 0.9999999999999988
        }
      },
      "leftLowerArm": {
        "position": {
          "x": 0,
          "y": -0.354,
          "z": -0.1
        },
        "rotationDeg": {
          "x": -27.17354307944187,
          "y": -13.015672254513255,
          "z": -1.290458973632138
        },
        "scale": {
          "x": 1,
          "y": 1,
          "z": 1
        }
      }
    },
    "up": {
      "leftLeg": {
        "position": {
          "x": 0.13794133343238313,
          "y": 0.75,
          "z": 0.08051465235790717
        },
        "rotationDeg": {
          "x": -21.249815342803473,
          "y": -18.868099620927076,
          "z": 9.242157478304618
        },
        "scale": {
          "x": 1,
          "y": 1,
          "z": 1
        }
      },
      "leftLowerLeg": {
        "position": {
          "x": -0.004734707161111351,
          "y": -0.37730713897858326,
          "z": -0.04238410548637328
        },
        "rotationDeg": {
          "x": 20.02379096720255,
          "y": 18.385991662074517,
          "z": -10.818983263810711
        },
        "scale": {
          "x": 0.999999999999999,
          "y": 0.9999999999999968,
          "z": 0.9999999999999984
        }
      },
      "weapon": {
        "position": {
          "x": 0.04384039808577167,
          "y": -0.2684034832828617,
          "z": 0.09854995029650128
        },
        "rotationDeg": {
          "x": 158.98496022159617,
          "y": 16.790154613623052,
          "z": -143.7927169855887
        },
        "scale": {
          "x": 1,
          "y": 1.0000000000000002,
          "z": 1.0000000000000002
        }
      },
      "rightLeg": {
        "position": {
          "x": -0.15534254181334636,
          "y": 0.7144275869691458,
          "z": -0.07159769077494164
        },
        "rotationDeg": {
          "x": 20.359007965527287,
          "y": -22.441766613472325,
          "z": 17.87783088687875
        },
        "scale": {
          "x": 1,
          "y": 1,
          "z": 1
        }
      },
      "rightLowerLeg": {
        "position": {
          "x": -0.05938744540009472,
          "y": -0.3672294183874203,
          "z": -0.01095671089876482
        },
        "rotationDeg": {
          "x": 42.566713616564186,
          "y": -20.491856385541567,
          "z": -7.519518116237435
        },
        "scale": {
          "x": 0.9999999999999992,
          "y": 0.9999999999999992,
          "z": 0.9999999999999982
        }
      },
      "torso": {
        "position": {
          "x": -0.012881949059389138,
          "y": 1.0772327128816288,
          "z": -0.1075601751314086
        },
        "rotationDeg": {
          "x": -25.158419881163425,
          "y": -25.910301796340793,
          "z": -2.544857384948103
        },
        "scale": {
          "x": 1,
          "y": 1,
          "z": 1
        }
      },
      "leftArm": {
        "position": {
          "x": 0.38,
          "y": 0.29000000000000004,
          "z": 0.07
        },
        "rotationDeg": {
          "x": 7.338908057939029,
          "y": 23.81963202451746,
          "z": 31.9511379480999
        },
        "scale": {
          "x": 0.9999999999999996,
          "y": 1.0000000000000009,
          "z": 1
        }
      },
      "rightArm": {
        "position": {
          "x": -0.38,
          "y": 0.29000000000000004,
          "z": 0.07
        },
        "rotationDeg": {
          "x": -128.2707956101555,
          "y": 80.24438016518705,
          "z": -59.90058708956743
        },
        "scale": {
          "x": 1.0000000000000002,
          "y": 1.0000000000000009,
          "z": 1
        }
      },
      "rightLowerArm": {
        "position": {
          "x": 8.604228440844963e-16,
          "y": -0.35399999999999654,