{
  "clipId": "player/fishing_rod_cast1",
  "rigId": "player_humanoid_v1",
  "durationMs": 500,
  "loopMode": "once",
  "maskId": "fullBody",
  "poses": {
    "start": {},
    "windup": {
      "rightArm": {
        "position": {
          "x": -0.38,
          "y": 0.29000000000000004,
          "z": 0.07
        },
        "rotationDeg": {
          "x": -134.75326896611043,
          "y": -15.95068303731758,
          "z": -35.032451054951736
        },
        "scale": {
          "x": 1,
          "y": 1,
          "z": 1
        }
      },
      "torso": {
        "position": {
          "x": 0,
          "y": 1.05,
          "z": 0
        },
        "rotationDeg": {
          "x": -7.093188171044228,
          "y": -18.946776027538647,
          "z": -3.124792554359336
        },
        "scale": {
          "x": 1,
          "y": 1,
          "z": 1
        }
      }
    },
    "back": {
      "rightArm": {
        "position": {
          "x": -0.38,
          "y": 0.29000000000000004,
          "z": 0.07
        },
        "rotationDeg": {
          "x": -165.28308597867792,
          "y": 7.079608305630383,
          "z": -37.5003460864949
        },
        "scale": {
          "x": 1,
          "y": 1,
          "z": 1
        }
      },
      "torso": {
        "position": {
          "x": 0,
          "y": 1.05,
          "z": 0
        },
        "rotationDeg": {
          "x": -14.134945576924892,
          "y": -34.78733259297878,
          "z": -6.370870379291294
        },
        "scale": {
          "x": 1,
          "y": 1,
          "z": 1
        }
      },
      "rightLowerArm": {
        "position": {
          "x": 0,
          "y": -0.354,
          "z": -0.1
        },
        "rotationDeg": {
          "x": -1.403561678078668,
          "y": 0,
          "z": 0
        },
        "scale": {
          "x": 1,
          "y": 1,
          "z": 1
        }
      }
    },
    "swing1": {
      "rightArm": {
        "position": {
          "x": -0.38,
          "y": 0.29000000000000004,
          "z": 0.07
        },
        "rotationDeg": {
          "x": -134.75326896611043,
          "y": -15.95068303731758,
          "z": -35.032451054951736
        },
        "scale": {
          "x": 1,
          "y": 1,
          "z": 1
        }
      },
      "torso": {
        "position": {
          "x": 0,
          "y": 1.05,
          "z": 0
        },
        "rotationDeg": {
          "x": -7.093188171044228,
          "y": -18.946776027538647,
          "z": -3.124792554359336
        },
        "scale": {
          "x": 1,
          "y": 1,
          "z": 1
        }
      }
    },
    "swing2": {
      "rightArm": {
        "position": {
          "x": -0.38,
          "y": 0.29000000000000004,
          "z": 0.07
        },
        "rotationDeg": {
          "x": -66.47600830474954,
          "y": -7.729603106691543,
          "z": -1.9653530238546557
        },
        "scale": {
          "x": 1,
          "y": 1,
          "z": 1
        }
      },
      "torso": {
        "position": {
          "x": 0,
          "y": 1.05,
          "z": 0
        },
        "rotationDeg": {
          "x": 3.4713343448035787,
          "y": 0.4247788580561813,
          "z": -3.067962463300446
        },
        "scale": {
          "x": 1,
          "y": 1,
          "z": 1
        }
      },
      "leftArm": {
        "position": {
          "x": 0.38,
          "y": 0.29000000000000004,
          "z": 0.07
        },
        "rotationDeg": {
          "x": -55.689287352324556,
          "y": -12.269743145027185,
          "z": -15.408647096690492
        },
        "scale": {
          "x": 1,
          "y": 1,
          "z": 1
        }
      }
    },
    "final": {
      "leftArm": {
        "position": {
          "x": 0.38,
          "y": 0.29000000000000004,
          "z": 0.07
        },
        "rotationDeg": {
          "x": -90.2984850965121,
          "y": -35.3026736255141,
          "z": -15.74056183924077
        },
        "scale": {
          "x": 1,
          "y": 1,
          "z": 1
        }
      },
      "rightArm": {
        "position": {
          "x": -0.38,
          "y": 0.29000000000000004,
          "z": 0.07
        },
        "rotationDeg": {
          "x": -90.2984850965121,
          "y": 35.3026736255141,
          "z": 15.74056183924077
        },
        "scale": {
          "x": 1,
          "y": 1,
          "z": 1
        }
      },
      "torso": {
        "position": {
          "x": 0,
          "y": 1.0651233294648943,
          "z": 0.0256007009647669
        },
        "rotationDeg": {
          "x": 7.854106046839047,
          "y": 0,
          "z": 0
        },
        "scale": {
          "x": 1,
          "y": 1,
          "z": 1
        }
      },
      "rightLowerArm": {
        "position": {
          "x": 0,
          "y": -0.354,
          "z": -0.1
        },
        "rotationDeg": {
          "x": -16.294444583859946,
          "y": -7.855005245374131,
          "z": 29.62762769228023
        },
        "scale": {
          "x": 1,
          "y": 1,
          "z": 1
        }
      },
      "leftLowerArm": {
        "position": {
          "x": 0,
          "y": -0.354,
          "z": -0.1
        },
        "rotationDeg": {
          "x": -16.294444583859946,
          "y": 7.855005245374131,
          "z": -29.62762769228023
        },
        "scale": {
          "x": 1,
          "y": 1,
          "z": 1
        }
      },
      "weapon": {
        "position": {
          "x": 0.06981000321994192,
          "y": -0.3896327899604138,
          "z": 0.07751702299482177
        },
        "rotationDeg": {
          "x": 59.81331313042258,
          "y": -59.17712535312817,
          "z": -7.474951044504564
        },
        "scale": {
          "x": 1,
          "y": 1,
          "z": 1
        }
      }
    }
  },
  "keys": [
    {
      "poseId": "start",
      "atMs": 0,
      "ease": "easeInOut"
    },
    {
      "poseId": "windup",
      "atMs": 150,
      "ease": "easeInOut"
    },
    {
      "poseId": "back",
      "atMs": 254,
      "ease": "easeInOut"
    },
    {
      "poseId": "swing1",
      "atMs": 304,
      "ease": "easeInOut"
    },
    {
      "poseId": "swing2",
      "atMs": 404,
      "ease": "easeInOut"
    },
    {
      "poseId": "final",
      "atMs": 500,
      "ease": "easeInOut"
    }
  ],
  "markers": []
}
