{
  "clipId": "player/fishing_net1",
  "rigId": "player_humanoid_v1",
  "durationMs": 1000,
  "loopMode": "loop",
  "maskId": "fullBody",
  "poses": {
    "kneel": {
      "rightLowerLeg": {
        "position": {
          "x": 0,
          "y": -0.4129643971812915,
          "z": -0.13353318033878844
        },
        "rotationDeg": {
          "x": 141.4028736837746,
          "y": 0,
          "z": 0
        },
        "scale": {
          "x": 1,
          "y": 1.0000000000000004,
          "z": 1.0000000000000004
        }
      },
      "rightLeg": {
        "position": {
          "x": -0.14,
          "y": 0.5336117004710664,
          "z": -0.09446602995103806
        },
        "rotationDeg": {
          "x": -30.49010424012281,
          "y": 0,
          "z": 0
        },
        "scale": {
          "x": 1,
          "y": 1,
          "z": 1
        }
      },
      "leftLeg": {
        "position": {
          "x": 0.14,
          "y": 0.5336117004710664,
          "z": -0.09446602995103806
        },
        "rotationDeg": {
          "x": -30.49010424012281,
          "y": 0,
          "z": 0
        },
        "scale": {
          "x": 1,
          "y": 1,
          "z": 1
        }
      },
      "leftLowerLeg": {
        "position": {
          "x": 0,
          "y": -0.4129643971812915,
          "z": -0.13353318033878844
        },
        "rotationDeg": {
          "x": 141.4028736837746,
          "y": 0,
          "z": 0
        },
        "scale": {
          "x": 1,
          "y": 1.0000000000000004,
          "z": 1.0000000000000004
        }
      },
      "torso": {
        "position": {
          "x": 0,
          "y": 0.9403202940455264,
          "z": 0.12715911287323037
        },
        "rotationDeg": {
          "x": 40.242348159376455,
          "y": 0,
          "z": 0
        },
        "scale": {
          "x": 1,
          "y": 1,
          "z": 1
        }
      },
      "rightArm": {
        "position": {
          "x": -0.38,
          "y": 0.29000000000000004,
          "z": 0.07
        },
        "rotationDeg": {
          "x": -83.90616330161869,
          "y": 44.00900893032348,
          "z": 15.671891190777886
        },
        "scale": {
          "x": 1,
          "y": 1,
          "z": 1
        }
      },
      "rightLowerArm": {
        "position": {
          "x": 0,
          "y": -0.354,
          "z": -0.1
        },
        "rotationDeg": {
          "x": -22.260130099976504,
          "y": 39.266557729918496,
          "z": 16.955987985011376
        },
        "scale": {
          "x": 1,
          "y": 1,
          "z": 1
        }
      },
      "weapon": {
        "position": {
          "x": -0.008631683098998866,
          "y": -0.29765646595427886,
          "z": -0.073830270552936
        },
        "rotationDeg": {
          "x": 75.79581231422837,
          "y": 29.166369545438652,
          "z": -156.1031720706197
        },
        "scale": {
          "x": 1,
          "y": 1,
          "z": 1
        }
      },
      "leftArm": {
        "position": {
          "x": 0.38,
          "y": 0.29000000000000004,
          "z": 0.07
        },
        "rotationDeg": {
          "x": -83.90616330161869,
          "y": -44.00900893032348,
          "z": -15.671891190777886
        },
        "scale": {
          "x": 1,
          "y": 1,
          "z": 1
        }
      },
      "leftLowerArm": {
        "position": {
          "x": 0,
          "y": -0.354,
          "z": -0.1
        },
        "rotationDeg": {
          "x": -22.260130099976504,
          "y": -39.266557729918496,
          "z": -16.955987985011376
        },
        "scale": {
          "x": 1,
          "y": 1,
          "z": 1
        }
      }
    },
    "kneel_copy": {
      "rightLowerLeg": {
        "position": {
          "x": 0,
          "y": -0.4129643971812915,
          "z": -0.13353318033878844
        },
        "rotationDeg": {
          "x": 141.4028736837746,
          "y": 0,
          "z": 0
        },
        "scale": {
          "x": 1,
          "y": 1.0000000000000004,
          "z": 1.0000000000000004
        }
      },
      "rightLeg": {
        "position": {
          "x": -0.14,
          "y": 0.5336117004710664,
          "z": -0.09446602995103806
        },
        "rotationDeg": {
          "x": -30.49010424012281,
          "y": 0,
          "z": 0
        },
        "scale": {
          "x": 1,
          "y": 1,
          "z": 1
        }
      },
      "leftLeg": {
        "position": {
          "x": 0.14,
          "y": 0.5336117004710664,
          "z": -0.09446602995103806
        },
        "rotationDeg": {
          "x": -30.49010424012281,
          "y": 0,
          "z": 0
        },
        "scale": {
          "x": 1,
          "y": 1,
          "z": 1
        }
      },
      "leftLowerLeg": {
        "position": {
          "x": 0,
          "y": -0.4129643971812915,
          "z": -0.13353318033878844
        },
        "rotationDeg": {
          "x": 141.4028736837746,
          "y": 0,
          "z": 0
        },
        "scale": {
          "x": 1,
          "y": 1.0000000000000004,
          "z": 1.0000000000000004
        }
      },
      "torso": {
        "position": {
          "x": 0,
          "y": 0.9403202940455264,
          "z": 0.12715911287323037
        },
        "rotationDeg": {
          "x": 40.242348159376455,
          "y": 0,
          "z": 0
        },
        "scale": {
          "x": 1,
          "y": 1,
          "z": 1
        }
      },
      "rightArm": {
        "position": {
          "x": -0.38,
          "y": 0.29000000000000004,
          "z": 0.07
        },
        "rotationDeg": {
          "x": -83.90616330161869,
          "y": 44.00900893032348,
          "z": 15.671891190777886
        },
        "scale": {
          "x": 1,
          "y": 1,
          "z": 1
        }
      },
      "rightLowerArm": {
        "position": {
          "x": 0,
          "y": -0.354,
          "z": -0.1
        },
        "rotationDeg": {
          "x": -22.260130099976504,
          "y": 39.266557729918496,
          "z": 16.955987985011376
        },
        "scale": {
          "x": 1,
          "y": 1,
          "z": 1
        }
      },
      "weapon": {
        "position": {
          "x": -0.008631683098998866,
          "y": -0.29765646595427886,
          "z": -0.073830270552936
        },
        "rotationDeg": {
          "x": 75.79581231422837,
          "y": 29.166369545438652,
          "z": -156.1031720706197
        },
        "scale": {
          "x": 1,
          "y": 1,
          "z": 1
        }
      },
      "leftArm": {
        "position": {
          "x": 0.38,
          "y": 0.29000000000000004,
          "z": 0.07
        },
        "rotationDeg": {
          "x": -83.90616330161869,
          "y": -44.00900893032348,
          "z": -15.671891190777886
        },
        "scale": {
          "x": 1,
          "y": 1,
          "z": 1
        }
      },
      "leftLowerArm": {
        "position": {
          "x": 0,
          "y": -0.354,
          "z": -0.1
        },
        "rotationDeg": {
          "x": -22.260130099976504,
          "y": -39.266557729918496,
          "z": -16.955987985011376
        },
        "scale": {
          "x": 1,
          "y": 1,
          "z": 1
        }
      }
    },
    "down": {
      "rightLowerLeg": {
        "position": {
          "x": 0,
          "y": -0.4129643971812915,
          "z": -0.13353318033878844
        },
        "rotationDeg": {
          "x": 141.4028736837746,
          "y": 0,
          "z": 0
        },
        "scale": {
          "x": 1,
          "y": 1.0000000000000004,
          "z": 1.0000000000000004
        }
      },
      "rightLeg": {
        "position": {
          "x": -0.14,
          "y": 0.5336117004710664,
          "z": -0.09446602995103806
        },
        "rotationDeg": {
          "x": -30.49010424012281,
          "y": 0,