{
  "clipId": "player/fishing_rod_hold1",
  "rigId": "player_humanoid_v1",
  "durationMs": 2000,
  "loopMode": "loop",
  "maskId": "fullBody",
  "poses": {
    "hold1": {
      "leftArm": {
        "position": {
          "x": 0.38,
          "y": 0.29000000000000004,
          "z": 0.07
        },
        "rotationDeg": {
          "x": -90.2984850965121,
          "y": -35.3026736255141,
          "z": -15.74056183924077
        },
        "scale": {
          "x": 1,
          "y": 1,
          "z": 1
        }
      },
      "rightArm": {
        "position": {
          "x": -0.38,
          "y": 0.29000000000000004,
          "z": 0.07
        },
        "rotationDeg": {
          "x": -90.2984850965121,
          "y": 35.3026736255141,
          "z": 15.74056183924077
        },
        "scale": {
          "x": 1,
          "y": 1,
          "z": 1
        }
      },
      "torso": {
        "position": {
          "x": 0,
          "y": 1.0651233294648943,
          "z": 0.0256007009647669
        },
        "rotationDeg": {
          "x": 7.854106046839047,
          "y": 0,
          "z": 0
        },
        "scale": {
          "x": 1,
          "y": 1,
          "z": 1
        }
      },
      "rightLowerArm": {
        "position": {
          "x": 0,
          "y": -0.354,
          "z": -0.1
        },
        "rotationDeg": {
          "x": -16.294444583859946,
          "y": -7.855005245374131,
          "z": 29.62762769228023
        },
        "scale": {
          "x": 1,
          "y": 1,
          "z": 1
        }
      },
      "leftLowerArm": {
        "position": {
          "x": 0,
          "y": -0.354,
          "z": -0.1
        },
        "rotationDeg": {
          "x": -16.294444583859946,
          "y": 7.855005245374131,
          "z": -29.62762769228023
        },
        "scale": {
          "x": 1,
          "y": 1,
          "z": 1
        }
      },
      "weapon": {
        "position": {
          "x": 0.06981000321994192,
          "y": -0.3896327899604138,
          "z": 0.07751702299482177
        },
        "rotationDeg": {
          "x": 59.81331313042258,
          "y": -59.17712535312817,
          "z": -7.474951044504564
        },
        "scale": {
          "x": 1,
          "y": 1,
          "z": 1
        }
      }
    },
    "end": {
      "leftArm": {
        "position": {
          "x": 0.38,
          "y": 0.29000000000000004,
          "z": 0.07
        },
        "rotationDeg": {
          "x": -90.2984850965121,
          "y": -35.3026736255141,
          "z": -15.74056183924077
        },
        "scale": {
          "x": 1,
          "y": 1,
          "z": 1
        }
      },
      "rightArm": {
        "position": {
          "x": -0.38,
          "y": 0.29000000000000004,
          "z": 0.07
        },
        "rotationDeg": {
          "x": -90.2984850965121,
          "y": 35.3026736255141,
          "z": 15.74056183924077
        },
        "scale": {
          "x": 1,
          "y": 1,
          "z": 1
        }
      },
      "torso": {
        "position": {
          "x": 0,
          "y": 1.0651233294648943,
          "z": 0.0256007009647669
        },
        "rotationDeg": {
          "x": 7.854106046839047,
          "y": 0,
          "z": 0
        },
        "scale": {
          "x": 1,
          "y": 1,
          "z": 1
        }
      },
      "rightLowerArm": {
        "position": {
          "x": 0,
          "y": -0.354,
          "z": -0.1
        },
        "rotationDeg": {
          "x": -16.294444583859946,
          "y": -7.855005245374131,
          "z": 29.62762769228023
        },
        "scale": {
          "x": 1,
          "y": 1,
          "z": 1
        }
      },
      "leftLowerArm": {
        "position": {
          "x": 0,
          "y": -0.354,
          "z": -0.1
        },
        "rotationDeg": {
          "x": -16.294444583859946,
          "y": 7.855005245374131,
          "z": -29.62762769228023
        },
        "scale": {
          "x": 1,
          "y": 1,
          "z": 1
        }
      },
      "weapon": {
        "position": {
          "x": 0.06981000321994192,
          "y": -0.3896327899604138,
          "z": 0.07751702299482177
        },
        "rotationDeg": {
          "x": 59.81331313042258,
          "y": -59.17712535312817,
          "z": -7.474951044504564
        },
        "scale": {
          "x": 1,
          "y": 1,
          "z": 1
        }
      }
    },
    "hold2": {
      "leftArm": {
        "position": {
          "x": 0.38,
          "y": 0.29000000000000004,
          "z": 0.07
        },
        "rotationDeg": {
          "x": -81.16066010634697,
          "y": -37.21717115480205,
          "z": -18.676298772572075
        },
        "scale": {
          "x": 1,
          "y": 1,
          "z": 1
        }
      },
      "rightArm": {
        "position": {
          "x": -0.38,
          "y": 0.29000000000000004,
          "z": 0.07
        },
        "rotationDeg": {
          "x": -81.16066010634697,
          "y": 37.21717115480205,
          "z": 18.676298772572075
        },
        "scale": {
          "x": 1,
          "y": 1,
          "z": 1
        }
      },
      "torso": {
        "position": {
          "x": 0,
          "y": 1.0651233294648943,
          "z": 0.0256007009647669
        },
        "rotationDeg": {
          "x": 10.02442832199703,
          "y": 0,
          "z": 0
        },
        "scale": {
          "x": 1,
          "y": 1,
          "z": 1
        }
      },
      "rightLowerArm": {
        "position": {
          "x": 0,
          "y": -0.354,
          "z": -0.1
        },
        "rotationDeg": {
          "x": -16.294444583859946,
          "y": -7.855005245374131,
          "z": 29.62762769228023
        },
        "scale": {
          "x": 1,
          "y": 1,
          "z": 1
        }
      },
      "leftLowerArm": {
        "position": {
          "x": 0,
          "y": -0.354,
          "z": -0.1
        },
        "rotationDeg": {
          "x": -16.294444583859946,
          "y": 7.855005245374131,
          "z": -29.62762769228023
        },
        "scale": {
          "x": 1,
          "y": 1,
          "z": 1
        }
      },
      "weapon": {
        "position": {
          "x": 0.06981000321994192,
          "y": -0.3896327899604138,
          "z": 0.07751702299482177
        },
        "rotationDeg": {
          "x": 59.81331313042263,
          "y": -59.17712535312821,
          "z": -1.493582715339613
        },
        "scale": {
          "x": 1,
          "y": 1,
          "z": 1
        }
      }
    }
  },
  "keys": [
    {
      "poseId": "hold1",
      "atMs": 0,
      "ease": "easeInOut"
    },
    {
      "poseId": "hold2",
      "atMs": 1022,
      "ease": "easeInOut"
    },
    {
      "poseId": "end",
      "atMs": 2000,
      "ease": "easeInOut"
    }
  ],
  "markers": []
}
