{
  "clipId": "player/fletching1",
  "rigId": "player_humanoid_v1",
  "durationMs": 1800,
  "loopMode": "loop",
  "maskId": "fullBody",
  "poses": {
    "start": {
      "rightWeapon": {
        "position": {
          "x": 0,
          "y": -0.35,
          "z": 0
        },
        "rotationDeg": {
          "x": -14.62197727144183,
          "y": 0,
          "z": 0
        },
        "scale": {
          "x": 1,
          "y": 1,
          "z": 1
        }
      },
      "weapon": {
        "position": {
          "x": -0.02998884909606949,
          "y": -0.38602860283935353,
          "z": 0.11994180296597592
        },
        "rotationDeg": {
          "x": 55.389044399911164,
          "y": -48.86828486047853,
          "z": 65.64811599453711
        },
        "scale": {
          "x": 1,
          "y": 1,
          "z": 1
        }
      },
      "leftWeapon": {
        "position": {
          "x": -0.02998884909606949,
          "y": -0.38602860283935353,
          "z": 0.11994180296597592
        },
        "rotationDeg": {
          "x": 55.389044399911164,
          "y": -48.86828486047853,
          "z": 65.64811599453711
        },
        "scale": {
          "x": 1,
          "y": 1,
          "z": 1
        }
      },
      "leftArm": {
        "position": {
          "x": 0.38,
          "y": 0.29000000000000004,
          "z": 0.07
        },
        "rotationDeg": {
          "x": -28.4558666329737,
          "y": -43.42293453516762,
          "z": 3.2192878077669533
        },
        "scale": {
          "x": 1,
          "y": 1,
          "z": 1
        }
      },
      "leftLowerArm": {
        "position": {
          "x": 0,
          "y": -0.354,
          "z": -0.1
        },
        "rotationDeg": {
          "x": -40.02375642775539,
          "y": 0,
          "z": 0
        },
        "scale": {
          "x": 1,
          "y": 1,
          "z": 1
        }
      },
      "rightArm": {
        "position": {
          "x": -0.38,
          "y": 0.29000000000000004,
          "z": 0.07
        },
        "rotationDeg": {
          "x": -44.001048881431956,
          "y": 34.018759064656415,
          "z": 7.617493156361909
        },
        "scale": {
          "x": 1,
          "y": 1,
          "z": 1
        }
      },
      "rightLowerArm": {
        "position": {
          "x": 0,
          "y": -0.354,
          "z": -0.1
        },
        "rotationDeg": {
          "x": -60.77062956830306,
          "y": 40.96528972082593,
          "z": 33.80174120308792
        },
        "scale": {
          "x": 1,
          "y": 1,
          "z": 1
        }
      }
    },
    "cut": {
      "rightWeapon": {
        "position": {
          "x": 0,
          "y": -0.35,
          "z": 0
        },
        "rotationDeg": {
          "x": 11.942151951987423,
          "y": -11.543801979338022,
          "z": 27.53969426678321
        },
        "scale": {
          "x": 1,
          "y": 1,
          "z": 1
        }
      },
      "weapon": {
        "position": {
          "x": 0,
          "y": -0.35,
          "z": 0
        },
        "rotationDeg": {
          "x": 11.942151951987423,
          "y": -11.543801979338022,
          "z": 27.53969426678321
        },
        "scale": {
          "x": 1,
          "y": 1,
          "z": 1
        }
      },
      "leftWeapon": {
        "position": {
          "x": -0.02998884909606949,
          "y": -0.38602860283935353,
          "z": 0.11994180296597592
        },
        "rotationDeg": {
          "x": 55.389044399911164,
          "y": -48.86828486047853,
          "z": 65.64811599453711
        },
        "scale": {
          "x": 1,
          "y": 1,
          "z": 1
        }
      },
      "leftArm": {
        "position": {
          "x": 0.38,
          "y": 0.29000000000000004,
          "z": 0.07
        },
        "rotationDeg": {
          "x": -25.412308018187137,
          "y": -43.534633340363406,
          "z": -1.847449816438525
        },
        "scale": {
          "x": 1,
          "y": 1,
          "z": 1
        }
      },
      "leftLowerArm": {
        "position": {
          "x": 0,
          "y": -0.354,
          "z": -0.1
        },
        "rotationDeg": {
          "x": -42.03688486261024,
          "y": 0,
          "z": 0
        },
        "scale": {
          "x": 1,
          "y": 1,
          "z": 1
        }
      },
      "rightArm": {
        "position": {
          "x": -0.38,
          "y": 0.29000000000000004,
          "z": 0.07
        },
        "rotationDeg": {
          "x": -32.67034410388873,
          "y": 34.74249767438654,
          "z": -9.722366652054182
        },
        "scale": {
          "x": 1,
          "y": 1,
          "z": 1
        }
      },
      "rightLowerArm": {
        "position": {
          "x": 0,
          "y": -0.354,
          "z": -0.1
        },
        "rotationDeg": {
          "x": -45.04488256934153,
          "y": 47.097309890994445,
          "z": 22.820377100353404
        },
        "scale": {
          "x": 1,
          "y": 1,
          "z": 1
        }
      }
    },
    "back": {
      "rightWeapon": {
        "position": {
          "x": 0,
          "y": -0.35,
          "z": 0
        },
        "rotationDeg": {
          "x": -14.62197727144183,
          "y": 0,
          "z": 0
        },
        "scale": {
          "x": 1,
          "y": 1,
          "z": 1
        }
      },
      "weapon": {
        "position": {
          "x": -0.02998884909606949,
          "y": -0.38602860283935353,
          "z": 0.11994180296597592
        },
        "rotationDeg": {
          "x": 55.389044399911164,
          "y": -48.86828486047853,
          "z": 65.64811599453711
        },
        "scale": {
          "x": 1,
          "y": 1,
          "z": 1
        }
      },
      "leftWeapon": {
        "position": {
          "x": -0.02998884909606949,
          "y": -0.38602860283935353,
          "z": 0.11994180296597592
        },
        "rotationDeg": {
          "x": 55.389044399911164,
          "y": -48.86828486047853,
          "z": 65.64811599453711
        },
        "scale": {
          "x": 1,
          "y": 1,
          "z": 1
        }
      },
      "leftArm": {
        "position": {
          "x": 0.38,
          "y": 0.29000000000000004,
          "z": 0.07
        },
        "rotationDeg": {
          "x": -28.4558666329737,
          "y": -43.42293453516762,
          "z": 3.2192878077669533
        },
        "scale": {
          "x": 1,
          "y": 1,
          "z": 1
        }
      },
      "leftLowerArm": {
        "position": {
          "x": 0,
          "y": -0.354,
          "z": -0.1
        },
        "rotationDeg": {
          "x": -40.02375642775539,
          "y": 0,
          "z": 0
        },
        "scale": {
          "x": 1,
          "y": 1,
          "z": 1
        }
      },
      "rightArm": {
        "position": {
          "x": -0.38,
          "y": 0.29000000000000004,
          "z": 0.07
        },
        "rotationDeg": {
          "x": -44.001048881431956,
          "y": 34.018759064656415,
          "z": 7.617493156361909
        },
        "scale": {
          "x": 1,
          "y": 1,
          "z": 1
        }
      },
      "rightLowerArm": {
        "position": {
          "x": 0,
          "y": -0.354,
          "z": -0.1
        },
        "rotationDeg": {
          "x": -60.77062956830306,
          "y": 40.96528972082593,
          "z": 33.80174120308792
        },
        "scale": {
          "x": 1,
          "y": 1,
          "z": 1
        }
      }
    },
    "cut2": {
      "rightWeapon": {
        "position": {
          "x": 0,
          "y": -0.35,
          "z": 0
        },
        "rotationDeg": {
          "x": 11.942151951987423,
          "y": -11.543801979338022,
          "z": 27.53969426678321
        },
        "scale": {
          "x": 1,
          "y": 1,
          "z": 1
        }
      },