{
  "clipId": "player/hit_recoil",
  "rigId": "player_humanoid_v1",
  "durationMs": 744,
  "loopMode": "once",
  "maskId": "upperBody",
  "poses": {
    "neutral": {},
    "guard": {
      "torso": {
        "position": {
          "x": 0,
          "y": 1.05,
          "z": 0
        },
        "rotationDeg": {
          "x": -17.137647197327823,
          "y": -20.51670388237222,
          "z": -6.16824330121149
        },
        "scale": {
          "x": 1,
          "y": 1,
          "z": 1
        }
      },
      "leftArm": {
        "position": {
          "x": 0.38,
          "y": 0.29000000000000004,
          "z": 0.07
        },
        "rotationDeg": {
          "x": -78.09695028403958,
          "y": -39.34498484562713,
          "z": 4.112736504724557e-15
        },
        "scale": {
          "x": 1,
          "y": 1,
          "z": 1
        }
      },
      "leftLowerArm": {
        "position": {
          "x": 0,
          "y": -0.354,
          "z": -0.1
        },
        "rotationDeg": {
          "x": -74.72891342508933,
          "y": 0,
          "z": 0
        },
        "scale": {
          "x": 1,
          "y": 1,
          "z": 1
        }
      },
      "head": {
        "position": {
          "x": 0,
          "y": 0.5,
          "z": 0
        },
        "rotationDeg": {
          "x": -16.3433187407352,
          "y": -16.63197314403276,
          "z": 4.1492870722284876e-16
        },
        "scale": {
          "x": 1,
          "y": 1,
          "z": 1
        }
      }
    },
    "guard_copy": {
      "torso": {
        "position": {
          "x": 0,
          "y": 1.05,
          "z": 0
        },
        "rotationDeg": {
          "x": -17.137647197327823,
          "y": -20.51670388237222,
          "z": -6.16824330121149
        },
        "scale": {
          "x": 1,
          "y": 1,
          "z": 1
        }
      },
      "leftArm": {
        "position": {
          "x": 0.38,
          "y": 0.29000000000000004,
          "z": 0.07
        },
        "rotationDeg": {
          "x": -78.09695028403958,
          "y": -39.34498484562713,
          "z": 4.112736504724557e-15
        },
        "scale": {
          "x": 1,
          "y": 1,
          "z": 1
        }
      },
      "leftLowerArm": {
        "position": {
          "x": 0,
          "y": -0.354,
          "z": -0.1
        },
        "rotationDeg": {
          "x": -74.72891342508933,
          "y": 0,
          "z": 0
        },
        "scale": {
          "x": 1,
          "y": 1,
          "z": 1
        }
      },
      "head": {
        "position": {
          "x": 0,
          "y": 0.5,
          "z": 0
        },
        "rotationDeg": {
          "x": -16.3433187407352,
          "y": -16.63197314403276,
          "z": 4.1492870722284876e-16
        },
        "scale": {
          "x": 1,
          "y": 1,
          "z": 1
        }
      }
    },
    "recover": {}
  },
  "keys": [
    {
      "poseId": "neutral",
      "atMs": 0,
      "ease": "easeOut"
    },
    {
      "poseId": "guard",
      "atMs": 126,
      "ease": "hold"
    },
    {
      "poseId": "neutral",
      "atMs": 170,
      "ease": "easeIn"
    },
    {
      "poseId": "guard_copy",
      "atMs": 474,
      "ease": "easeOut"
    },
    {
      "poseId": "recover",
      "atMs": 654,
      "ease": "easeInOut"
    }
  ],
  "markers": [
    {
      "markerId": "brace",
      "atMs": 90
    }
  ]
}
