{
  "clipId": "player/mining1",
  "rigId": "player_humanoid_v1",
  "durationMs": 1000,
  "loopMode": "loop",
  "maskId": "fullBody",
  "poses": {
    "gather": {
      "rightArm": {
        "position": {
          "x": -0.38,
          "y": 0.29000000000000004,
          "z": 0.07
        },
        "rotationDeg": {
          "x": -133.0807754260374,
          "y": 10.392471608675017,
          "z": 23.82106943295189
        },
        "scale": {
          "x": 1,
          "y": 1,
          "z": 1
        }
      },
      "rightLowerArm": {
        "position": {
          "x": 0,
          "y": -0.354,
          "z": -0.1
        },
        "rotationDeg": {
          "x": -15.239296829593776,
          "y": -4.747676188310262,
          "z": 16.899430117227507
        },
        "scale": {
          "x": 1,
          "y": 1,
          "z": 1
        }
      },
      "leftArm": {
        "position": {
          "x": 0.38,
          "y": 0.29000000000000004,
          "z": 0.07
        },
        "rotationDeg": {
          "x": -133.0807754260374,
          "y": -10.392471608675017,
          "z": -23.82106943295189
        },
        "scale": {
          "x": 1,
          "y": 1,
          "z": 1
        }
      },
      "leftLowerArm": {
        "position": {
          "x": 0,
          "y": -0.354,
          "z": -0.1
        },
        "rotationDeg": {
          "x": -15.239296829593776,
          "y": 4.747676188310262,
          "z": -16.899430117227507
        },
        "scale": {
          "x": 1,
          "y": 1,
          "z": 1
        }
      },
      "weapon": {
        "position": {
          "x": 0,
          "y": -0.35,
          "z": 0
        },
        "rotationDeg": {
          "x": 6.281449488584828,
          "y": -5.701620869909474,
          "z": -42.06818050643819
        },
        "scale": {
          "x": 1,
          "y": 1,
          "z": 1
        }
      },
      "torso": {
        "position": {
          "x": 0,
          "y": 1.05,
          "z": 0
        },
        "rotationDeg": {
          "x": -9.191165821688372,
          "y": 0,
          "z": 0
        },
        "scale": {
          "x": 1,
          "y": 1,
          "z": 1
        }
      }
    },
    "gather_copy": {
      "rightArm": {
        "position": {
          "x": -0.38,
          "y": 0.29000000000000004,
          "z": 0.07
        },
        "rotationDeg": {
          "x": -133.0807754260374,
          "y": 10.392471608675017,
          "z": 23.82106943295189
        },
        "scale": {
          "x": 1,
          "y": 1,
          "z": 1
        }
      },
      "rightLowerArm": {
        "position": {
          "x": 0,
          "y": -0.354,
          "z": -0.1
        },
        "rotationDeg": {
          "x": -15.239296829593776,
          "y": -4.747676188310262,
          "z": 16.899430117227507
        },
        "scale": {
          "x": 1,
          "y": 1,
          "z": 1
        }
      },
      "leftArm": {
        "position": {
          "x": 0.38,
          "y": 0.29000000000000004,
          "z": 0.07
        },
        "rotationDeg": {
          "x": -133.0807754260374,
          "y": -10.392471608675017,
          "z": -23.82106943295189
        },
        "scale": {
          "x": 1,
          "y": 1,
          "z": 1
        }
      },
      "leftLowerArm": {
        "position": {
          "x": 0,
          "y": -0.354,
          "z": -0.1
        },
        "rotationDeg": {
          "x": -15.239296829593776,
          "y": 4.747676188310262,
          "z": -16.899430117227507
        },
        "scale": {
          "x": 1,
          "y": 1,
          "z": 1
        }
      },
      "weapon": {
        "position": {
          "x": 0,
          "y": -0.35,
          "z": 0
        },
        "rotationDeg": {
          "x": 6.281449488584828,
          "y": -5.701620869909474,
          "z": -42.06818050643819
        },
        "scale": {
          "x": 1,
          "y": 1,
          "z": 1
        }
      },
      "torso": {
        "position": {
          "x": 0,
          "y": 1.05,
          "z": 0
        },
        "rotationDeg": {
          "x": -9.191165821688372,
          "y": 0,
          "z": 0
        },
        "scale": {
          "x": 1,
          "y": 1,
          "z": 1
        }
      }
    },
    "downswing": {
      "rightArm": {
        "position": {
          "x": -0.38,
          "y": 0.29000000000000004,
          "z": 0.07
        },
        "rotationDeg": {
          "x": -54.27620666920065,
          "y": 14.834951495292785,
          "z": 11.65712787288762
        },
        "scale": {
          "x": 1,
          "y": 1,
          "z": 1
        }
      },
      "rightLowerArm": {
        "position": {
          "x": 0,
          "y": -0.354,
          "z": -0.1
        },
        "rotationDeg": {
          "x": -33.91540278578621,
          "y": 9.934110042909104,
          "z": 28.389906188252606
        },
        "scale": {
          "x": 1,
          "y": 1,
          "z": 1
        }
      },
      "leftArm": {
        "position": {
          "x": 0.38,
          "y": 0.29000000000000004,
          "z": 0.07
        },
        "rotationDeg": {
          "x": -54.27620666920065,
          "y": -14.834951495292785,
          "z": -11.65712787288762
        },
        "scale": {
          "x": 1,
          "y": 1,
          "z": 1
        }
      },
      "leftLowerArm": {
        "position": {
          "x": 0,
          "y": -0.354,
          "z": -0.1
        },
        "rotationDeg": {
          "x": -33.91540278578621,
          "y": -9.934110042909104,
          "z": -28.389906188252606
        },
        "scale": {
          "x": 1,
          "y": 1,
          "z": 1
        }
      },
      "weapon": {
        "position": {
          "x": 0.07880192492164226,
          "y": -0.42228119294294464,
          "z": 0.023499624484334753
        },
        "rotationDeg": {
          "x": 49.45073407976203,
          "y": -49.183893506567536,
          "z": -17.874195689379604
        },
        "scale": {
          "x": 1,
          "y": 1,
          "z": 1
        }
      },
      "torso": {
        "position": {
          "x": 0,
          "y": 1.05,
          "z": 0
        },
        "rotationDeg": {
          "x": 17.157952412571422,
          "y": 0,
          "z": 0
        },
        "scale": {
          "x": 1,
          "y": 1,
          "z": 1
        }
      }
    }
  },
  "keys": [
    {
      "poseId": "gather",
      "atMs": 0,
      "ease": "easeInOut"
    },
    {
      "poseId": "downswing",
      "atMs": 500,
      "ease": "easeInOut"
    },
    {
      "poseId": "gather_copy",
      "atMs": 985,
      "ease": "easeInOut"
    }
  ],
  "markers": []
}
