{
  "clipId": "player/smithing_forging1",
  "rigId": "player_humanoid_v1",
  "durationMs": 1800,
  "loopMode": "loop",
  "maskId": "fullBody",
  "poses": {
    "base": {
      "leftLeg": {
        "position": {
          "x": 0.14,
          "y": 0.6,
          "z": 0
        },
        "rotationDeg": {
          "x": -33.17804793202796,
          "y": 0,
          "z": 0
        },
        "scale": {
          "x": 1,
          "y": 1,
          "z": 1
        }
      },
      "leftLowerLeg": {
        "position": {
          "x": 0,
          "y": -0.35,
          "z": 0
        },
        "rotationDeg": {
          "x": 32.581974986925125,
          "y": 0,
          "z": 0
        },
        "scale": {
          "x": 1,
          "y": 1,
          "z": 1
        }
      },
      "rightLeg": {
        "position": {
          "x": -0.1316363614612703,
          "y": 0.5999999999999999,
          "z": -0.04766412006150739
        },
        "rotationDeg": {
          "x": 10.689681290193823,
          "y": 2.537576243994044,
          "z": -13.372542202404588
        },
        "scale": {
          "x": 1,
          "y": 1,
          "z": 1
        }
      },
      "torso": {
        "position": {
          "x": 0,
          "y": 0.95,
          "z": 0
        },
        "rotationDeg": {
          "x": 4.864683404417261,
          "y": -19.8386824009009,
          "z": 1.6544611124710131
        },
        "scale": {
          "x": 1,
          "y": 1,
          "z": 1
        }
      },
      "rightLowerLeg": {
        "position": {
          "x": 0,
          "y": -0.35,
          "z": 0
        },
        "rotationDeg": {
          "x": 31.002335645996254,
          "y": -0.6887655051604895,
          "z": 5.20069301885846
        },
        "scale": {
          "x": 1,
          "y": 1,
          "z": 1
        }
      },
      "leftArm": {
        "position": {
          "x": 0.38,
          "y": 0.29000000000000004,
          "z": 0.07
        },
        "rotationDeg": {
          "x": -44.821610187269656,
          "y": -35.41923091779533,
          "z": -4.588493595779864
        },
        "scale": {
          "x": 1,
          "y": 1,
          "z": 1
        }
      },
      "leftLowerArm": {
        "position": {
          "x": 0,
          "y": -0.354,
          "z": -0.1
        },
        "rotationDeg": {
          "x": -16.030026542275625,
          "y": -19.74359644766909,
          "z": -13.644132201347714
        },
        "scale": {
          "x": 1,
          "y": 1,
          "z": 1
        }
      },
      "rightArm": {
        "position": {
          "x": -0.3020578109965411,
          "y": 0.28348220405878527,
          "z": 0.06944615529933885
        },
        "rotationDeg": {
          "x": -77.23797159009474,
          "y": 44.55816938274895,
          "z": -90.85783843358799
        },
        "scale": {
          "x": 1,
          "y": 1,
          "z": 1
        }
      },
      "rightLowerArm": {
        "position": {
          "x": 0,
          "y": -0.354,
          "z": -0.1
        },
        "rotationDeg": {
          "x": -40.11683797801168,
          "y": -33.19199083901904,
          "z": -24.76234439456824
        },
        "scale": {
          "x": 1,
          "y": 1,
          "z": 1
        }
      },
      "head": {
        "position": {
          "x": 0.006263530013838339,
          "y": 0.5330707946211923,
          "z": 0.06090953615018991
        },
        "rotationDeg": {
          "x": 7.277929296084064,
          "y": 6.277290038431557,
          "z": -0.11007099753946638
        },
        "scale": {
          "x": 1,
          "y": 1,
          "z": 1
        }
      },
      "weapon": {
        "position": {
          "x": -0.013218651445992755,
          "y": -0.3257270702864659,
          "z": 0.0861605424670687
        },
        "rotationDeg": {
          "x": 42.61232565553319,
          "y": -0.8391539442331956,
          "z": 1.3608328820303983
        },
        "scale": {
          "x": 1,
          "y": 1,
          "z": 1
        }
      },
      "rightWeapon": {
        "position": {
          "x": -0.013218651445992755,
          "y": -0.3257270702864659,
          "z": 0.0861605424670687
        },
        "rotationDeg": {
          "x": 42.61232565553319,
          "y": -0.8391539442331956,
          "z": 1.3608328820303983
        },
        "scale": {
          "x": 1,
          "y": 1,
          "z": 1
        }
      }
    },
    "downswing": {
      "leftLeg": {
        "position": {
          "x": 0.14,
          "y": 0.6,
          "z": 0
        },
        "rotationDeg": {
          "x": -33.17804793202796,
          "y": 0,
          "z": 0
        },
        "scale": {
          "x": 1,
          "y": 1,
          "z": 1
        }
      },
      "leftLowerLeg": {
        "position": {
          "x": 0,
          "y": -0.35,
          "z": 0
        },
        "rotationDeg": {
          "x": 32.581974986925125,
          "y": 0,
          "z": 0
        },
        "scale": {
          "x": 1,
          "y": 1,
          "z": 1
        }
      },
      "rightLeg": {
        "position": {
          "x": -0.1316363614612703,
          "y": 0.5999999999999999,
          "z": -0.04766412006150739
        },
        "rotationDeg": {
          "x": 3.045010141471038,
          "y": 4.3221886632077915,
          "z": -12.914451685049773
        },
        "scale": {
          "x": 1,
          "y": 1,
          "z": 1
        }
      },
      "torso": {
        "position": {
          "x": 0,
          "y": 0.95,
          "z": 0
        },
        "rotationDeg": {
          "x": 14.711265740865704,
          "y": -7.19840855957973,
          "z": -0.824495054654426
        },
        "scale": {
          "x": 1,
          "y": 1,
          "z": 1
        }
      },
      "rightLowerLeg": {
        "position": {
          "x": 0,
          "y": -0.34673136815394723,
          "z": -0.047721675767851524
        },
        "rotationDeg": {
          "x": 62.264733697338556,
          "y": 1.4411151191010227,
          "z": 5.0446862162110016
        },
        "scale": {
          "x": 1,
          "y": 1,
          "z": 1
        }
      },
      "leftArm": {
        "position": {
          "x": 0.33557361037078776,
          "y": 0.3341010000214747,
          "z": 0.09574379252654022
        },
        "rotationDeg": {
          "x": -60.7802124784008,
          "y": -46.81875939772744,
          "z": -13.999787428658825
        },
        "scale": {
          "x": 0.9999999999999997,
          "y": 0.9999999999999999,
          "z": 0.9999999999999998
        }
      },
      "leftLowerArm": {
        "position": {
          "x": -2.220446049250313e-16,
          "y": -0.3540000000000003,
          "z": -0.09999999999999998
        },
        "rotationDeg": {
          "x": -16.030026542275618,
          "y": -19.743596447669113,
          "z": -13.644132201347741
        },
        "scale": {
          "x": 0.9999999999999994,
          "y": 0.9999999999999997,
          "z": 0.9999999999999994
        }
      },
      "rightArm": {
        "position": {
          "x": -0.3273707248877887,
          "y": 0.25908660202236444,
          "z": -0.046112805454209815
        },
        "rotationDeg": {
          "x": -77.26451630505214,
          "y": 37.09716328491094,
          "z": -4.923837836117196
        },
        "scale": {
          "x": 1.0000000000000002,
          "y": 1.0000000000000002,
          "z": 0.9999999999999999
        }
      },
      "rightLowerArm": {
        "position": {
          "x": 1.1102230246251565e-16,
          "y": -0.3539999999999994,
          "z": -0.10000000000000009
        },
        "rotationDeg": {
          "x": 2.183092968011958,
          "y": -35.2026808940977,
          "z": 15.234626059381378
        },
        "scale": {
          "x": 0.9999999999999997,
          "y": 0.9999999999999999,