{
  "clipId": "player/smithing_smelting1",
  "rigId": "player_humanoid_v1",
  "durationMs": 1800,
  "loopMode": "loop",
  "maskId": "fullBody",
  "poses": {
    "back": {
      "torso": {
        "position": {
          "x": 0.020205567251385666,
          "y": 1.05,
          "z": -0.20842824381193145
        },
        "rotationDeg": {
          "x": 0,
          "y": -77.5504058894603,
          "z": 0
        },
        "scale": {
          "x": 1,
          "y": 1,
          "z": 1
        }
      },
      "rightLeg": {
        "position": {
          "x": -0.009975721664793939,
          "y": 0.7,
          "z": -0.345136289659124
        },
        "rotationDeg": {
          "x": 37.805252795730695,
          "y": -75.14728391828919,
          "z": 24.83888656139831
        },
        "scale": {
          "x": 1,
          "y": 1,
          "z": 1
        }
      },
      "leftLeg": {
        "position": {
          "x": 0.050386856167565275,
          "y": 0.7,
          "z": -0.07172019796473891
        },
        "rotationDeg": {
          "x": -10.528535778565706,
          "y": -54.890873952126505,
          "z": -8.645018754839143
        },
        "scale": {
          "x": 1,
          "y": 1,
          "z": 1
        }
      },
      "rightArm": {
        "position": {
          "x": -0.38,
          "y": 0.29000000000000004,
          "z": 0.07
        },
        "rotationDeg": {
          "x": -37.926762822558615,
          "y": -0.7187753430713395,
          "z": -32.40965012336286
        },
        "scale": {
          "x": 1,
          "y": 1,
          "z": 1
        }
      },
      "rightLowerArm": {
        "position": {
          "x": 0,
          "y": -0.354,
          "z": -0.1
        },
        "rotationDeg": {
          "x": -32.64126689771976,
          "y": 0,
          "z": 0
        },
        "scale": {
          "x": 1,
          "y": 1,
          "z": 1
        }
      },
      "leftLowerLeg": {
        "position": {
          "x": 0,
          "y": -0.35,
          "z": 0
        },
        "rotationDeg": {
          "x": 13.482606038658487,
          "y": 0,
          "z": 0
        },
        "scale": {
          "x": 1,
          "y": 1,
          "z": 1
        }
      },
      "rightLowerLeg": {
        "position": {
          "x": 0,
          "y": -0.35,
          "z": 0
        },
        "rotationDeg": {
          "x": 14.704871492595508,
          "y": 0,
          "z": 0
        },
        "scale": {
          "x": 1,
          "y": 1,
          "z": 1
        }
      },
      "head": {
        "position": {
          "x": 0,
          "y": 0.5,
          "z": 0
        },
        "rotationDeg": {
          "x": 0,
          "y": 42.81277240938788,
          "z": 0
        },
        "scale": {
          "x": 1,
          "y": 1,
          "z": 1
        }
      },
      "leftArm": {
        "position": {
          "x": 0.38,
          "y": 0.29000000000000004,
          "z": 0.07
        },
        "rotationDeg": {
          "x": -41.87738580584345,
          "y": -7.951386703658792e-16,
          "z": 14.806535924979881
        },
        "scale": {
          "x": 1,
          "y": 1,
          "z": 1
        }
      },
      "leftLowerArm": {
        "position": {
          "x": 0,
          "y": -0.354,
          "z": -0.1
        },
        "rotationDeg": {
          "x": -21.95952247903129,
          "y": 0,
          "z": 0
        },
        "scale": {
          "x": 1,
          "y": 1,
          "z": 1
        }
      }
    },
    "lift": {
      "torso": {
        "position": {
          "x": 0.020205567251385666,
          "y": 1.05,
          "z": -0.20842824381193145
        },
        "rotationDeg": {
          "x": 0,
          "y": -77.5504058894603,
          "z": 0
        },
        "scale": {
          "x": 1,
          "y": 1,
          "z": 1
        }
      },
      "rightLeg": {
        "position": {
          "x": -0.009975721664793939,
          "y": 0.7,
          "z": -0.345136289659124
        },
        "rotationDeg": {
          "x": 37.805252795730695,
          "y": -75.14728391828919,
          "z": 24.83888656139831
        },
        "scale": {
          "x": 1,
          "y": 1,
          "z": 1
        }
      },
      "leftLeg": {
        "position": {
          "x": 0.050386856167565275,
          "y": 0.7,
          "z": -0.07172019796473891
        },
        "rotationDeg": {
          "x": -10.528535778565706,
          "y": -54.890873952126505,
          "z": -8.645018754839143
        },
        "scale": {
          "x": 1,
          "y": 1,
          "z": 1
        }
      },
      "rightArm": {
        "position": {
          "x": -0.38,
          "y": 0.29000000000000004,
          "z": 0.07
        },
        "rotationDeg": {
          "x": -37.926762822558615,
          "y": -0.7187753430713395,
          "z": -32.40965012336286
        },
        "scale": {
          "x": 1,
          "y": 1,
          "z": 1
        }
      },
      "rightLowerArm": {
        "position": {
          "x": 0,
          "y": -0.354,
          "z": -0.1
        },
        "rotationDeg": {
          "x": -32.64126689771976,
          "y": 0,
          "z": 0
        },
        "scale": {
          "x": 1,
          "y": 1,
          "z": 1
        }
      },
      "leftLowerLeg": {
        "position": {
          "x": 0,
          "y": -0.35,
          "z": 0
        },
        "rotationDeg": {
          "x": 13.482606038658487,
          "y": 0,
          "z": 0
        },
        "scale": {
          "x": 1,
          "y": 1,
          "z": 1
        }
      },
      "rightLowerLeg": {
        "position": {
          "x": 0,
          "y": -0.35,
          "z": 0
        },
        "rotationDeg": {
          "x": 14.704871492595508,
          "y": 0,
          "z": 0
        },
        "scale": {
          "x": 1,
          "y": 1,
          "z": 1
        }
      },
      "head": {
        "position": {
          "x": 0,
          "y": 0.5,
          "z": 0
        },
        "rotationDeg": {
          "x": 0,
          "y": 42.81277240938788,
          "z": 0
        },
        "scale": {
          "x": 1,
          "y": 1,
          "z": 1
        }
      },
      "leftArm": {
        "position": {
          "x": 0.38,
          "y": 0.29000000000000004,
          "z": 0.07
        },
        "rotationDeg": {
          "x": -126.25288971060422,
          "y": -14.738361354950056,
          "z": 1.4352166201717533
        },
        "scale": {
          "x": 1,
          "y": 1,
          "z": 1
        }
      },
      "leftLowerArm": {
        "position": {
          "x": 0,
          "y": -0.354,
          "z": -0.1
        },
        "rotationDeg": {
          "x": -22.87369531929594,
          "y": 0,
          "z": 0
        },
        "scale": {
          "x": 1,
          "y": 1,
          "z": 1
        }
      }
    },
    "in": {
      "torso": {
        "position": {
          "x": 0.020205567251385666,
          "y": 1.05,
          "z": -0.20842824381193145
        },
        "rotationDeg": {
          "x": 5.469483867971212,
          "y": -6.26978555043486,
          "z": 0.5991223038240158
        },
        "scale": {
          "x": 1,
          "y": 1,
          "z": 1
        }
      },
      "rightLeg": {
        "position": {
          "x": -0.11894944054187237,
          "y": 0.7,
          "z": -0.2237867530513823
        },
        "rotationDeg": {
          "x": -14.404147799022219,
          "y": -21.41041408436173,
          "z": -13.484651509254283
        },
        "scale": {
          "x": 1,
          "y": 1,
          "z": 1
        }
      },
      "leftLeg": {
        "position": {
          "x": 0.1593605750446437,
          "y": 0.7,
          "z": -0.1930697345724806
        },
        "rotationDeg": {
          "x": -2.0765368283366543,
          "y": -16.153067970747642,
          "z": 4.534301271590408
        },