{
  "clipId": "player/woodcutting1",
  "rigId": "player_humanoid_v1",
  "durationMs": 1200,
  "loopMode": "loop",
  "maskId": "fullBody",
  "poses": {
    "up": {
      "torso": {
        "position": {
          "x": -0.019988136912741455,
          "y": 1.053936565940237,
          "z": 0.0856771433875235
        },
        "rotationDeg": {
          "x": -8.303430807344876,
          "y": -12.653293962663176,
          "z": -5.439235862497673
        },
        "scale": {
          "x": 1,
          "y": 1,
          "z": 1
        }
      },
      "rightLeg": {
        "position": {
          "x": -0.1883437201047635,
          "y": 0.7168381055365969,
          "z": 0.09667830703368473
        },
        "rotationDeg": {
          "x": 5.344137053026724,
          "y": -42.92756544715144,
          "z": -14.467331808933318
        },
        "scale": {
          "x": 1,
          "y": 1,
          "z": 1
        }
      },
      "rightLowerLeg": {
        "position": {
          "x": -0.0001801089829271609,
          "y": -0.37251527729381234,
          "z": -0.009919409699382658
        },
        "rotationDeg": {
          "x": 12.827256765344636,
          "y": 1.0142638729869289,
          "z": -0.23092925268139652
        },
        "scale": {
          "x": 1,
          "y": 1,
          "z": 1
        }
      },
      "leftLeg": {
        "position": {
          "x": 0.11470364563283834,
          "y": 0.6836879729687099,
          "z": 0.12434012053560076
        },
        "rotationDeg": {
          "x": -17.375946745825033,
          "y": 17.95175052686325,
          "z": 5.653942166035952
        },
        "scale": {
          "x": 1,
          "y": 1,
          "z": 1
        }
      },
      "leftArm": {
        "position": {
          "x": 0.3126964573553892,
          "y": 0.2764351620194387,
          "z": 0.04189266212037664
        },
        "rotationDeg": {
          "x": 11.870282491697967,
          "y": -57.65411562682189,
          "z": 48.156483837894825
        },
        "scale": {
          "x": 1,
          "y": 1,
          "z": 1
        }
      },
      "leftLowerArm": {
        "position": {
          "x": 0,
          "y": -0.354,
          "z": -0.1
        },
        "rotationDeg": {
          "x": -81.01770003899995,
          "y": -4.891458703463271,
          "z": 9.174038513406025
        },
        "scale": {
          "x": 1,
          "y": 1,
          "z": 1
        }
      },
      "leftLowerLeg": {
        "position": {
          "x": 0,
          "y": -0.38,
          "z": 0
        },
        "rotationDeg": {
          "x": 20.125949799139025,
          "y": 0,
          "z": 0
        },
        "scale": {
          "x": 1,
          "y": 1,
          "z": 1
        }
      },
      "rightArm": {
        "position": {
          "x": -0.2873820189523523,
          "y": 0.30489380595302973,
          "z": -0.022831227602510978
        },
        "rotationDeg": {
          "x": -170.1940135547621,
          "y": -2.358578075196463,
          "z": -89.97275195714575
        },
        "scale": {
          "x": 1,
          "y": 1,
          "z": 1
        }
      },
      "rightLowerArm": {
        "position": {
          "x": 0,
          "y": -0.354,
          "z": -0.1
        },
        "rotationDeg": {
          "x": -34.31160208968233,
          "y": 5.3045604314926855,
          "z": 3.610145451407612
        },
        "scale": {
          "x": 1,
          "y": 1,
          "z": 1
        }
      }
    },
    "chop": {
      "torso": {
        "position": {
          "x": -0.019988136912741455,
          "y": 1.053936565940237,
          "z": 0.0856771433875235
        },
        "rotationDeg": {
          "x": 7.613786754450553,
          "y": 11.388625856921713,
          "z": -4.5961733230642965
        },
        "scale": {
          "x": 1,
          "y": 1,
          "z": 1
        }
      },
      "rightArm": {
        "position": {
          "x": -0.4546761386405541,
          "y": 0.30296542511911223,
          "z": -0.037573926812425114
        },
        "rotationDeg": {
          "x": -79.46199284397856,
          "y": -84.64578490064862,
          "z": -3.7148405988916955
        },
        "scale": {
          "x": 1,
          "y": 1,
          "z": 1
        }
      },
      "rightLeg": {
        "position": {
          "x": -0.1883437201047635,
          "y": 0.7168381055365969,
          "z": 0.09667830703368473
        },
        "rotationDeg": {
          "x": 13.690034417883224,
          "y": -8.642183780592049,
          "z": -10.66280381555847
        },
        "scale": {
          "x": 1,
          "y": 1,
          "z": 1
        }
      },
      "rightLowerLeg": {
        "position": {
          "x": -0.0001801089829271609,
          "y": -0.37251527729381234,
          "z": -0.009919409699382658
        },
        "rotationDeg": {
          "x": 5.953468326204272,
          "y": -0.7109072814516527,
          "z": 0.6726933921769762
        },
        "scale": {
          "x": 1,
          "y": 1,
          "z": 1
        }
      },
      "leftLeg": {
        "position": {
          "x": 0.09582153618424455,
          "y": 0.6662831923275567,
          "z": 0.06871958143335818
        },
        "rotationDeg": {
          "x": -17.375946745825033,
          "y": 17.95175052686325,
          "z": 5.653942166035952
        },
        "scale": {
          "x": 1,
          "y": 1,
          "z": 1
        }
      },
      "leftArm": {
        "position": {
          "x": 0.3126964573553892,
          "y": 0.2764351620194387,
          "z": 0.04189266212037664
        },
        "rotationDeg": {
          "x": 11.870282491697967,
          "y": -57.65411562682189,
          "z": 48.156483837894825
        },
        "scale": {
          "x": 1,
          "y": 1,
          "z": 1
        }
      },
      "leftLowerArm": {
        "position": {
          "x": 0,
          "y": -0.354,
          "z": -0.1
        },
        "rotationDeg": {
          "x": -81.01770003899995,
          "y": -4.891458703463271,
          "z": 9.174038513406025
        },
        "scale": {
          "x": 1,
          "y": 1,
          "z": 1
        }
      },
      "leftLowerLeg": {
        "position": {
          "x": 0,
          "y": -0.38,
          "z": 0
        },
        "rotationDeg": {
          "x": 20.125949799139025,
          "y": 0,
          "z": 0
        },
        "scale": {
          "x": 1,
          "y": 1,
          "z": 1
        }
      },
      "rightLowerArm": {
        "position": {
          "x": 0,
          "y": -0.354,
          "z": -0.1
        },
        "rotationDeg": {
          "x": 6.654068481126818,
          "y": 8.460946331701495,
          "z": 14.179471007789
        },
        "scale": {
          "x": 1,
          "y": 1,
          "z": 1
        }
      },
      "weapon": {
        "position": {
          "x": 0,
          "y": -0.35,
          "z": 0
        },
        "rotationDeg": {
          "x": 60.4624826105026,
          "y": 7.951386703658792e-16,
          "z": 8.028819488912688
        },
        "scale": {
          "x": 1,
          "y": 1,
          "z": 1
        }
      }
    },
    "upfin": {
      "torso": {
        "position": {
          "x": -0.019988136912741455,
          "y": 1.053936565940237,
          "z": 0.0856771433875235
        },
        "rotationDeg": {
          "x": -8.303430807344876,
          "y": -12.653293962663176,
          "z": -5.439235862497673
        },
        "scale": {
          "x": 1,
          "y": 1,
          "z": 1
        }
      },
      "rightLeg": {
        "position": {
          "x": -0.1883437201047635,
          "y": 0.7168381055365969,
          "z": 0.09667830703368473
        },
        "rotationDeg": {
          "x": 5.344137053026724,
          "y": -42.92756544715144,
          "z": -14.467331808933318
        },
        "scale": {
          "x": 1,
          "y": 1,